MentorID,StudentID,Meetings,CodeReviews,Messages,AvgResponseTime
M299,S0001,0,0,58,15.91
M300,S0001,0,1,8,11.91
M050,S0002,4,5,54,20.85
M056,S0002,4,2,10,10.21
M184,S0003,10,2,35,5
M185,S0003,10,5,47,4
M342,S0004,9,5,33,2.24
M133,S0005,0,1,41,15.83
M135,S0005,0,6,18,18.75
M143,S0006,2,2,25,2.19
M144,S0006,2,4,56,20.85
M068,S0007,6,4,21,16.32
M071,S0007,6,3,38,6.64
M397,S0008,4,2,38,23.68
M332,S0009,1,0,17,8.86
M334,S0009,1,0,7,5.56
M176,S0010,8,5,20,22.43
M177,S0010,8,6,6,13.6
M118,S0011,4,0,22,7.66
M119,S0011,4,0,56,17
M154,S0012,3,4,40,23.37
M155,S0012,3,2,41,11.43
M186,S0013,3,1,17,16.87
M189,S0013,3,0,60,7.2
M342,S0014,1,3,23,12.16
M073,S0015,7,1,6,21.78
M074,S0015,7,0,23,14.31
M351,S0016,10,2,47,17.34
M356,S0016,10,3,40,15
M361,S0017,9,2,50,17.84
M364,S0017,9,6,40,5.71
M041,S0018,3,4,9,13.75
M042,S0018,3,6,38,19.48
M046,S0019,0,5,7,12.53
M053,S0019,0,3,31,15.42
M358,S0020,9,6,58,18.72
M360,S0020,9,3,32,4.15
M219,S0021,7,1,49,1.75
M226,S0021,7,6,40,3.77
M352,S0022,6,2,33,6.87
M357,S0022,6,5,6,16.94
M081,S0023,3,2,57,16.15
M084,S0023,3,2,24,7.47
M012,S0024,10,4,52,16.51
M013,S0024,10,6,50,15.68
M352,S0025,8,0,24,19.29
M353,S0025,8,6,27,4.85
M201,S0026,6,6,40,23.46
M203,S0026,6,6,51,20.39
M178,S0027,2,2,6,19.92
M179,S0027,2,1,56,21.98
M299,S0028,1,0,15,20.03
M300,S0028,1,6,16,17.71
M233,S0029,7,6,9,20.1
M234,S0029,7,3,28,10.49
M108,S0030,10,0,27,10.49
M109,S0030,10,3,16,6.47
M093,S0031,2,5,19,13.95
M095,S0031,2,4,41,22.64
M295,S0032,4,3,31,1.35
M302,S0032,4,4,47,11.89
M118,S0033,10,4,15,7.26
M119,S0033,10,4,31,15.22
M343,S0034,8,5,10,2.69
M346,S0034,8,4,8,12.65
M351,S0035,9,3,44,19.03
M356,S0035,9,2,42,6.8
M286,S0036,10,1,51,13.96
M288,S0036,10,5,12,9.93
M038,S0037,4,3,50,5.3
M039,S0037,4,3,14,4.9
M174,S0038,2,4,52,20.25
M175,S0038,2,0,49,15.39
M376,S0039,1,3,53,22.91
M380,S0039,1,0,36,6.15
M014,S0040,7,6,49,18.99
M017,S0040,7,2,53,15.69
M073,S0041,8,4,36,21.96
M074,S0041,8,6,33,17.14
M116,S0042,1,5,8,23.43
M073,S0043,8,5,36,18.96
M074,S0043,8,6,13,5.53
M360,S0044,0,6,16,23.45
M362,S0044,0,2,56,14.82
M139,S0045,6,1,29,18.14
M140,S0045,6,2,49,18.77
M347,S0046,8,2,45,12.37
M349,S0046,8,3,41,23.68
M299,S0047,8,3,12,23.28
M300,S0047,8,0,53,18.75
M291,S0048,1,3,36,19.81
M298,S0048,1,2,10,9.77
M333,S0049,10,5,58,9.01
M335,S0049,10,4,34,10.11
M390,S0050,2,2,43,22.65
M393,S0050,2,5,35,13.44
M048,S0051,10,6,47,18.39
M054,S0051,10,3,40,13.42
M250,S0052,5,1,9,16.29
M251,S0052,5,5,10,15.26
M348,S0053,10,6,35,8.14
M141,S0054,7,0,45,11.64
M145,S0054,7,3,37,19.85
M007,S0055,2,3,41,2.06
M011,S0055,2,3,60,9.02
M313,S0056,0,0,18,13.95
M314,S0056,0,4,34,8.92
M008,S0057,4,5,7,9.71
M010,S0057,4,1,18,8.94
M315,S0058,2,1,20,9.1
M317,S0058,2,0,25,19.27
M085,S0059,7,0,22,3.24
M086,S0059,7,3,21,2.88
M214,S0060,3,2,17,9.45
M216,S0060,3,0,30,19.68
M252,S0061,3,0,9,20.14
M286,S0062,9,3,9,19.8
M288,S0062,9,3,53,3.04
M284,S0063,8,6,9,4.68
M285,S0063,8,3,57,7.59
M328,S0064,9,6,21,4.07
M329,S0064,9,5,21,12
M046,S0065,3,0,9,19.14
M058,S0065,3,3,11,12.79
M339,S0066,10,6,21,12.3
M340,S0066,10,1,31,8.64
M324,S0067,9,5,22,11.57
M325,S0067,9,4,21,22.43
M328,S0068,5,5,17,19.48
M330,S0068,5,2,39,14.31
M276,S0069,8,6,53,7.72
M281,S0069,8,4,55,14.01
M121,S0070,8,1,14,10.83
M123,S0070,8,6,17,1.7
M046,S0071,3,4,35,16.13
M053,S0071,3,5,48,22.98
M250,S0072,9,4,39,4.53
M251,S0072,9,4,8,7.46
M257,S0073,0,5,37,5.65
M258,S0073,0,6,34,6.24
M153,S0074,0,4,42,1.86
M153,S0075,10,2,48,21.82
M023,S0076,9,3,38,20.9
M343,S0077,5,3,33,16.77
M346,S0077,5,2,24,14.67
M147,S0078,3,0,18,21
M148,S0078,3,0,60,7.13
M351,S0079,9,6,51,5.29
M356,S0079,9,4,41,2.42
M224,S0080,0,1,41,11.18
M225,S0080,0,0,54,16.35
M253,S0081,0,6,44,20.72
M270,S0081,0,1,43,21.88
M021,S0082,4,0,19,2.93
M118,S0083,6,3,10,13.43
M119,S0083,6,4,25,16.71
M238,S0084,8,0,26,7.94
M239,S0084,8,3,36,15.72
M352,S0085,10,0,45,1.06
M353,S0085,10,1,32,11.78
M014,S0086,10,6,43,13.41
M017,S0086,10,2,19,14.23
M169,S0087,2,4,10,23.68
M171,S0087,2,3,19,12.88
M034,S0088,6,2,27,18.24
M035,S0088,6,3,29,21.63
M388,S0089,1,4,59,11.66
M389,S0089,1,0,58,11.88
M187,S0090,1,1,57,1.96
M188,S0090,1,2,26,22.98
M174,S0091,5,6,26,17.91
M175,S0091,5,5,19,3.18
M210,S0092,8,6,59,8.23
M213,S0092,8,3,55,23.55
M041,S0093,6,4,52,3.46
M042,S0093,6,5,26,14.36
M391,S0094,7,3,54,9.1
M393,S0094,7,1,29,20.69
M266,S0095,2,0,14,7.04
M271,S0095,2,3,31,13.07
M315,S0096,7,5,10,12.46
M317,S0096,7,1,19,9.65
M373,S0097,2,3,37,16.29
M378,S0097,2,0,12,1.22
M359,S0098,9,6,54,8.13
M362,S0098,9,2,26,4.49
M244,S0099,9,5,42,3.77
M245,S0099,9,5,38,4.08
M001,S0100,2,3,6,8.72
M002,S0100,2,2,46,10.19
M212,S0101,0,0,6,15.7
M218,S0101,0,0,38,11.85
M347,S0102,3,1,30,19.02
M349,S0102,3,5,19,13.48
M066,S0103,8,0,23,6.79
M067,S0103,8,5,22,3.34
M007,S0104,9,3,44,5.88
M009,S0104,9,6,53,9.66
M314,S0105,5,5,5,8.01
M317,S0105,5,6,30,12.37
M301,S0106,6,0,42,7.97
M311,S0106,6,0,14,17.26
M112,S0107,9,5,38,8.34
M114,S0107,9,6,47,7.7
M048,S0108,7,1,55,1.97
M054,S0108,7,4,22,21.56
M105,S0109,3,2,17,12.83
M109,S0109,3,4,9,13.42
M012,S0110,7,4,54,13.3
M013,S0110,7,1,32,7.29
M234,S0111,2,2,58,9.17
M237,S0111,2,3,14,7.16
M348,S0112,8,6,19,21.87
M370,S0113,5,5,12,10.53
M371,S0113,5,2,59,1.76
M116,S0114,4,0,58,12.55
M007,S0115,5,4,60,7.74
M009,S0115,5,4,6,8.74
M047,S0116,10,4,55,10.33
M051,S0116,10,1,54,6.92
M383,S0117,0,2,12,16.36
M386,S0117,0,5,20,21.54
M111,S0118,7,4,8,13.21
M112,S0118,7,1,8,16.16
M383,S0119,8,2,26,1.86
M386,S0119,8,0,9,15.51
M360,S0120,2,5,13,6.03
M362,S0120,2,5,33,17.92
M383,S0121,6,1,46,17.95
M386,S0121,6,1,8,8.08
M176,S0122,8,4,40,23.25
M177,S0122,8,4,29,7.02
M339,S0123,2,2,40,8.34
M340,S0123,2,1,27,9.82
M044,S0124,1,1,45,5.71
M051,S0124,1,5,33,12.59
M219,S0125,5,6,53,19.32
M226,S0125,5,2,18,22.13
M039,S0126,3,6,28,18.52
M040,S0126,3,5,35,7.66
M353,S0127,0,5,14,7.12
M354,S0127,0,6,33,10.45
M069,S0128,4,0,21,4.62
M075,S0128,4,5,12,22.37
M275,S0129,10,2,26,16.84
M277,S0129,10,5,28,13.5
M321,S0130,2,6,27,4.01
M322,S0130,2,4,54,11.59
M044,S0131,9,1,5,7.35
M051,S0131,9,1,29,19.97
M029,S0132,0,4,31,8.43
M030,S0132,0,1,26,7.27
M319,S0133,2,6,39,20.27
M320,S0133,2,1,5,20.35
M242,S0134,2,0,53,16.4
M243,S0134,2,4,14,10.48
M141,S0135,9,0,8,18.25
M145,S0135,9,6,17,1.87
M304,S0136,4,6,58,14.44
M318,S0136,4,2,14,1.39
M223,S0137,2,5,18,5.46
M226,S0137,2,1,5,23.11
M347,S0138,5,4,51,18.38
M349,S0138,5,1,60,10.12
M111,S0139,8,4,15,18.3
M112,S0139,8,1,17,7.11
M118,S0140,2,0,27,23.42
M119,S0140,2,2,35,21.06
M299,S0141,8,6,58,10.87
M300,S0141,8,0,53,23.01
M181,S0142,4,4,42,14.65
M183,S0142,4,2,59,23.81
M031,S0143,8,6,47,11.18
M033,S0143,8,5,30,6.76
M091,S0144,3,1,30,14.22
M094,S0144,3,4,54,5.34
M027,S0145,4,5,58,17.85
M028,S0145,4,6,15,8.31
M181,S0146,5,4,42,5.89
M183,S0146,5,3,44,14.03
M154,S0147,5,1,30,5.88
M155,S0147,5,1,17,12.92
M214,S0148,3,1,57,5.74
M216,S0148,3,3,17,18.66
M050,S0149,4,4,10,17.54
M053,S0149,4,5,7,9.03
M385,S0150,2,2,24,4.61
M387,S0150,2,6,26,11.35
M186,S0151,2,0,26,12.63
M190,S0151,2,5,14,9.49
M273,S0152,0,4,14,9.34
M275,S0152,0,2,41,7.4
M201,S0153,1,6,35,9.95
M203,S0153,1,6,55,8.98
M260,S0154,0,4,24,9.29
M268,S0154,0,5,47,21.18
M351,S0155,4,1,54,22.81
M355,S0155,4,4,57,1.02
M199,S0156,9,0,33,11.79
M204,S0156,9,1,17,11.39
M127,S0157,4,5,25,4.35
M129,S0157,4,0,27,3.23
M159,S0158,1,0,22,9.35
M160,S0158,1,4,48,15.05
M273,S0159,5,5,51,19.96
M275,S0159,5,4,14,18.75
M366,S0160,7,1,8,17.2
M367,S0160,7,0,15,4.33
M304,S0161,6,6,23,8.97
M318,S0161,6,3,13,17.28
M382,S0162,5,1,38,8.32
M387,S0162,5,3,50,15.9
M332,S0163,7,4,50,5.21
M334,S0163,7,2,50,14.3
M370,S0164,3,0,46,23.36
M371,S0164,3,1,52,5.75
M169,S0165,8,4,13,1.34
M171,S0165,8,3,46,8.09
M133,S0166,8,4,57,8.19
M135,S0166,8,4,41,19.09
M016,S0167,2,1,47,12.35
M018,S0167,2,3,38,18.68
M242,S0168,4,0,37,21.45
M243,S0168,4,6,36,5.34
M164,S0169,10,1,54,8.42
M166,S0169,10,6,39,22.42
M289,S0170,0,6,54,20.13
M290,S0170,0,3,49,7.93
M210,S0171,5,6,52,8.71
M213,S0171,5,5,15,21.33
M139,S0172,2,4,21,5.03
M142,S0172,2,1,18,20.91
M351,S0173,6,1,26,8.98
M356,S0173,6,3,16,2.28
M324,S0174,3,0,53,7.83
M325,S0174,3,0,32,18
M211,S0175,1,3,35,4.02
M221,S0175,1,6,48,10.96
M130,S0176,8,5,34,2.97
M191,S0177,10,0,39,18.55
M193,S0177,10,6,58,5.72
M086,S0178,6,5,27,19.16
M093,S0178,6,3,52,17.23
M321,S0179,7,6,48,14.78
M322,S0179,7,2,52,10.7
M039,S0180,3,4,32,2.08
M040,S0180,3,3,32,13.71
M116,S0181,1,0,47,19.88
M390,S0182,1,1,49,2.4
M393,S0182,1,5,48,22.87
M072,S0183,6,4,42,13.6
M076,S0183,6,3,31,13.63
M124,S0184,5,2,16,11.48
M125,S0184,5,1,55,17.9
M072,S0185,0,6,43,4.7
M076,S0185,0,6,40,20.15
M118,S0186,8,6,23,9.65
M119,S0186,8,2,12,11.03
M224,S0187,1,0,47,17.13
M227,S0187,1,3,12,23.22
M087,S0188,5,1,49,5.4
M091,S0188,5,4,20,11.9
M383,S0189,7,6,40,14.58
M386,S0189,7,3,46,20.12
M021,S0190,9,6,6,2.22
M217,S0191,10,5,33,5.76
M221,S0191,10,5,55,23.94
M083,S0192,8,4,17,3.05
M089,S0192,8,4,45,3.39
M133,S0193,0,0,51,15.2
M136,S0193,0,4,19,21.88
M359,S0194,0,2,53,3.76
M362,S0194,0,3,56,18.62
M046,S0195,2,3,31,16.84
M058,S0195,2,4,42,12.1
M347,S0196,8,2,18,7.19
M350,S0196,8,5,15,11.16
M292,S0197,2,6,5,7.73
M293,S0197,2,0,33,15.86
M047,S0198,10,6,52,15.41
M051,S0198,10,6,37,16.56
M144,S0199,5,2,35,10.91
M146,S0199,5,1,9,15.53
M132,S0200,6,3,34,17.45
M138,S0200,6,1,16,17.14
M260,S0201,2,5,56,9.03
M262,S0201,2,1,5,15.14
M286,S0202,9,4,40,3.91
M288,S0202,9,0,37,18.55
M321,S0203,9,0,41,22.97
M322,S0203,9,2,18,13.61
M034,S0204,6,2,57,7.12
M035,S0204,6,2,50,5.22
M242,S0205,1,5,40,8.84
M243,S0205,1,4,56,7.02
M124,S0206,9,1,51,3.53
M125,S0206,9,5,41,22.3
M065,S0207,1,2,13,21.01
M070,S0207,1,1,16,12.5
M277,S0208,4,1,14,12.39
M280,S0208,4,1,11,16.12
M186,S0209,1,2,14,14.11
M190,S0209,1,2,41,10.68
M351,S0210,10,1,9,9.85
M355,S0210,10,4,50,18.18
M046,S0211,6,5,51,7.46
M058,S0211,6,0,24,6.27
M016,S0212,8,3,42,13.36
M018,S0212,8,4,29,15.18
M066,S0213,9,3,6,15.79
M067,S0213,9,4,56,6.84
M191,S0214,0,0,10,10.67
M193,S0214,0,2,41,17.01
M347,S0215,3,1,28,3.43
M350,S0215,3,2,48,23.68
M324,S0216,7,2,28,4.18
M325,S0216,7,6,44,22.28
M244,S0217,0,5,47,20.72
M247,S0217,0,6,59,1.51
M031,S0218,10,4,20,5.87
M033,S0218,10,3,55,17.01
M374,S0219,3,1,54,9.56
M381,S0219,3,1,15,20.05
M214,S0220,8,4,10,17.94
M216,S0220,8,3,41,5.14
M347,S0221,10,6,51,12.4
M350,S0221,10,4,27,5.76
M358,S0222,3,4,8,1.81
M360,S0222,3,3,57,2.94
M222,S0223,10,1,18,10.94
M228,S0223,10,2,20,18.41
M118,S0224,3,2,21,20.76
M119,S0224,3,5,59,7.89
M197,S0225,4,0,6,4.22
M198,S0225,4,0,28,16.38
M246,S0226,10,4,15,10.46
M248,S0226,10,4,59,20.09
M378,S0227,10,4,25,4.07
M384,S0227,10,3,53,13.83
M227,S0228,9,5,43,21.96
M229,S0228,9,0,47,11.96
M172,S0229,1,0,36,1.7
M173,S0229,1,4,48,13.12
M019,S0230,4,1,38,5.59
M020,S0230,4,5,53,14.13
M024,S0231,3,1,33,3.95
M214,S0232,4,2,56,3.43
M216,S0232,4,4,19,3.13
M235,S0233,1,3,59,16.75
M021,S0234,9,5,44,2.66
M144,S0235,0,5,28,17.31
M146,S0235,0,0,48,22
M087,S0236,3,6,20,22.24
M091,S0236,3,2,36,3.97
M352,S0237,6,2,27,16.63
M357,S0237,6,0,46,18.27
M049,S0238,7,3,11,15.92
M057,S0238,7,6,28,10.75
M254,S0239,7,4,40,19.07
M255,S0239,7,6,18,4.39
M087,S0240,3,1,42,11.23
M091,S0240,3,3,24,20.15
M358,S0241,3,3,41,23.95
M360,S0241,3,3,56,5.95
M211,S0242,5,3,43,15.28
M221,S0242,5,1,31,13.08
M181,S0243,5,3,49,12.41
M183,S0243,5,1,9,15.54
M127,S0244,1,5,35,14.87
M129,S0244,1,1,36,4.43
M154,S0245,7,1,48,20.91
M155,S0245,7,3,37,15.57
M322,S0246,6,1,20,10.21
M323,S0246,6,1,56,16.45
M116,S0247,9,2,59,11.37
M104,S0248,1,2,18,23.55
M105,S0248,1,3,5,23.63
M016,S0249,6,6,47,7.98
M018,S0249,6,2,50,22.58
M007,S0250,0,3,32,12.1
M009,S0250,0,3,52,1.42
M284,S0251,6,4,29,22.1
M285,S0251,6,4,52,5.74
M250,S0252,8,3,22,21.03
M251,S0252,8,5,56,22.8
M224,S0253,2,5,46,15.81
M225,S0253,2,6,20,4.36
M388,S0254,9,5,11,15.6
M389,S0254,9,4,28,12.55
M087,S0255,1,3,45,12.84
M091,S0255,1,0,38,20.24
M312,S0256,7,5,43,1.83
M316,S0256,7,3,57,1.08
M151,S0257,5,5,52,3.77
M152,S0257,5,6,34,10.51
M399,S0258,1,0,27,20.97
M400,S0258,1,1,16,2.87
M212,S0259,4,2,41,4.2
M218,S0259,4,4,30,11.03
M083,S0260,2,6,39,7.14
M089,S0260,2,1,41,3.09
M087,S0261,10,5,57,14.76
M091,S0261,10,0,26,9.96
M215,S0262,5,4,54,3.7
M220,S0262,5,2,27,18.29
M036,S0263,6,3,20,2.98
M037,S0263,6,2,55,7.02
M388,S0264,9,5,14,18.56
M389,S0264,9,3,45,14.08
M215,S0265,0,5,38,7.83
M220,S0265,0,3,36,13.23
M045,S0266,6,3,49,6.84
M055,S0266,6,1,8,10.89
M275,S0267,4,4,12,17.69
M277,S0267,4,0,20,18.95
M321,S0268,6,2,20,21.39
M322,S0268,6,5,26,8.44
M299,S0269,4,4,42,18.64
M300,S0269,4,2,15,6.09
M118,S0270,9,0,41,2.79
M119,S0270,9,2,57,5.52
M181,S0271,9,3,22,19.12
M183,S0271,9,4,20,3.78
M398,S0272,6,6,12,21.67
M398,S0273,2,5,8,2.26
M079,S0274,6,6,6,8.03
M014,S0275,5,5,33,2.14
M017,S0275,5,1,24,22.31
M016,S0276,3,6,46,14.38
M018,S0276,3,6,54,12.68
M159,S0277,10,3,30,6.22
M160,S0277,10,4,55,8.85
M196,S0278,3,3,54,6.43
M197,S0278,3,2,20,3.72
M008,S0279,8,2,29,23.94
M010,S0279,8,2,9,9.18
M103,S0280,3,1,22,18.61
M104,S0280,3,4,37,23.1
M378,S0281,8,3,7,20.22
M384,S0281,8,2,45,14.96
M046,S0282,8,3,43,18.91
M058,S0282,8,0,28,13.64
M153,S0283,6,1,12,19.84
M103,S0284,1,4,50,20.02
M104,S0284,1,4,19,5.34
M038,S0285,2,6,15,5.89
M039,S0285,2,1,25,13.76
M262,S0286,1,3,57,8.53
M267,S0286,1,2,20,2.27
M215,S0287,7,0,40,5.05
M220,S0287,7,5,48,12.81
M036,S0288,6,6,41,11.09
M037,S0288,6,2,49,15.66
M174,S0289,6,0,34,13.63
M175,S0289,6,0,14,21.36
M157,S0290,10,2,42,7.13
M158,S0290,10,1,59,2.98
M290,S0291,1,6,29,8.96
M291,S0291,1,2,49,5.5
M172,S0292,6,1,29,22.93
M173,S0292,6,0,9,22.32
M027,S0293,6,2,33,12.87
M028,S0293,6,5,20,5.82
M059,S0294,5,4,47,13.53
M062,S0294,5,6,25,16.2
M376,S0295,8,0,51,7.89
M380,S0295,8,1,25,12.78
M253,S0296,4,4,18,5.81
M270,S0296,4,3,40,10.31
M284,S0297,5,5,59,12.33
M285,S0297,5,6,19,9.1
M257,S0298,10,3,38,22.55
M258,S0298,10,4,19,5.04
M271,S0299,1,6,15,6.26
M274,S0299,1,6,24,23.84
M025,S0300,9,3,60,21.17
M026,S0300,9,3,59,1.29
M085,S0301,9,5,41,23.12
M086,S0301,9,1,15,10.63
M211,S0302,8,3,19,15.61
M221,S0302,8,4,50,4.36
M351,S0303,0,2,6,4.14
M355,S0303,0,5,24,10.66
M375,S0304,6,2,40,9.74
M376,S0304,6,6,53,4.77
M227,S0305,1,1,35,17.53
M229,S0305,1,1,55,22.54
M297,S0306,6,2,20,2.97
M298,S0306,6,2,56,9.34
M065,S0307,4,1,25,7.48
M070,S0307,4,5,43,3.82
M171,S0308,8,6,46,3.64
M176,S0308,8,6,57,2.6
M069,S0309,4,1,17,2.34
M075,S0309,4,0,43,21.1
M092,S0310,0,6,43,4.39
M102,S0310,0,0,47,15.13
M159,S0311,2,3,59,11.67
M160,S0311,2,6,50,3.32
M375,S0312,4,3,36,2.62
M376,S0312,4,5,44,7.95
M042,S0313,1,6,18,19.31
M057,S0313,1,2,6,3.01
M364,S0314,0,0,26,7.63
M367,S0314,0,3,20,21.93
M391,S0315,2,6,37,6.17
M393,S0315,2,1,36,4.44
M072,S0316,9,6,54,6.75
M076,S0316,9,2,21,13.62
M019,S0317,5,3,59,22.99
M020,S0317,5,6,44,17.57
M375,S0318,7,1,34,6.2
M376,S0318,7,3,33,23.18
M375,S0319,5,6,17,7.78
M376,S0319,5,5,59,21.06
M343,S0320,3,4,60,14.71
M346,S0320,3,1,12,20.57
M031,S0321,3,0,13,18.38
M033,S0321,3,3,38,23.53
M070,S0322,3,1,54,16.79
M077,S0322,3,6,32,9.98
M199,S0323,7,6,37,16.43
M204,S0323,7,5,6,17.24
M351,S0324,0,2,28,20.37
M356,S0324,0,6,43,16.38
M315,S0325,9,1,21,14.39
M317,S0325,9,5,13,6.92
M178,S0326,7,4,9,20.54
M179,S0326,7,5,32,12.91
M308,S0327,1,5,50,19.36
M311,S0327,1,1,45,1.17
M308,S0328,9,6,40,3.01
M311,S0328,9,6,31,14.93
M003,S0329,4,0,22,10.11
M004,S0329,4,0,37,22.79
M092,S0330,9,6,54,5.73
M102,S0330,9,0,46,9.88
M363,S0331,6,5,5,22.71
M365,S0331,6,0,42,5.5
M032,S0332,8,4,51,18.59
M295,S0333,9,6,22,5.68
M302,S0333,9,3,28,14.25
M260,S0334,10,4,15,1.73
M262,S0334,10,1,47,9.22
M319,S0335,9,2,22,14.32
M320,S0335,9,0,23,22.27
M163,S0336,5,5,47,21.23
M167,S0336,5,3,33,4.01
M174,S0337,3,1,59,20.98
M178,S0337,3,3,60,10.78
M184,S0338,6,5,28,1.66
M185,S0338,6,2,55,3.76
M398,S0339,1,2,39,16.11
M174,S0340,3,3,28,4.6
M178,S0340,3,1,60,19.42
M397,S0341,10,0,44,22.46
M310,S0342,6,0,9,15.24
M315,S0342,6,1,20,1.71
M132,S0343,4,1,36,17.86
M138,S0343,4,2,55,23.67
M377,S0344,5,3,50,23.97
M154,S0345,6,2,20,23.04
M155,S0345,6,5,25,20.67
M108,S0346,6,4,48,3.9
M109,S0346,6,6,41,5.94
M038,S0347,0,3,39,9.28
M039,S0347,0,6,46,7.91
M113,S0348,0,0,41,19.58
M115,S0348,0,5,16,1.14
M227,S0349,4,1,22,21.29
M229,S0349,4,2,14,10.13
M021,S0350,3,1,51,18.84
M358,S0351,6,2,45,6.2
M360,S0351,6,4,17,22.05
M065,S0352,5,6,20,21.53
M070,S0352,5,5,28,16.61
M147,S0353,9,6,42,22.93
M148,S0353,9,4,51,13.03
M187,S0354,9,5,28,21.19
M188,S0354,9,4,59,9.13
M381,S0355,1,1,33,12.79
M385,S0355,1,5,24,21.97
M360,S0356,9,6,54,14.53
M362,S0356,9,5,55,9.82
M119,S0357,4,5,26,14.33
M120,S0357,4,2,49,12.91
M082,S0358,9,3,51,19.87
M084,S0358,9,5,45,19.83
M276,S0359,0,0,58,9.66
M281,S0359,0,4,19,19.35
M211,S0360,6,2,32,20.54
M221,S0360,6,6,12,20.09
M304,S0361,1,6,17,2.22
M318,S0361,1,3,20,1.32
M164,S0362,3,3,34,4.74
M166,S0362,3,1,33,18.91
M254,S0363,9,0,5,12.82
M255,S0363,9,4,16,7.07
M186,S0364,6,6,6,3.31
M189,S0364,6,4,26,23.91
M001,S0365,2,6,34,22.54
M002,S0365,2,3,34,17.34
M222,S0366,5,6,26,14.74
M228,S0366,5,6,39,18.42
M271,S0367,3,1,60,21.88
M274,S0367,3,6,26,5.25
M379,S0368,0,3,23,10.41
M384,S0368,0,6,60,12.29
M202,S0369,8,0,12,1.3
M204,S0369,8,5,24,4.15
M273,S0370,0,6,25,11.47
M275,S0370,0,3,25,17.41
M113,S0371,2,2,26,13.97
M115,S0371,2,4,9,19.6
M113,S0372,5,3,12,9.43
M115,S0372,5,2,19,15.48
M266,S0373,5,6,25,16.61
M271,S0373,5,6,33,16.95
M121,S0374,5,1,9,2.47
M122,S0374,5,0,51,7.9
M003,S0375,4,1,57,19.31
M004,S0375,4,0,11,18.12
M308,S0376,10,6,57,16.33
M311,S0376,10,0,11,5.07
M068,S0377,1,0,20,1.79
M071,S0377,1,0,18,9.89
M328,S0378,3,1,37,5.28
M330,S0378,3,5,27,4.27
M205,S0379,6,2,6,7.99
M206,S0379,6,6,44,4.45
M347,S0380,5,1,55,5.13
M350,S0380,5,0,41,22.77
M163,S0381,6,2,7,11.73
M167,S0381,6,6,27,5.7
M242,S0382,0,2,39,19.54
M243,S0382,0,5,7,6.25
M394,S0383,2,3,48,10.83
M395,S0383,2,2,50,18.33
M279,S0384,9,2,49,12.4
M283,S0384,9,1,30,23.23
M284,S0385,5,3,34,23.22
M285,S0385,5,1,38,12.27
M246,S0386,2,3,54,23.8
M248,S0386,2,6,24,8.15
M219,S0387,1,4,24,18
M226,S0387,1,5,31,10
M069,S0388,5,2,56,7.54
M075,S0388,5,0,48,19.05
M041,S0389,5,4,52,2.95
M042,S0389,5,5,37,6.87
M313,S0390,7,6,50,18.35
M314,S0390,7,0,41,20.82
M315,S0391,1,6,17,12.57
M317,S0391,1,1,44,13.52
M050,S0392,5,0,25,21.02
M056,S0392,5,0,20,15.93
M024,S0393,0,0,53,21.34
M106,S0394,4,6,55,4.28
M107,S0394,4,6,55,1.17
M015,S0395,7,1,9,19.33
M018,S0395,7,3,23,4.7
M180,S0396,8,6,52,9.87
M185,S0396,8,4,8,20.43
M383,S0397,6,3,51,11.9
M386,S0397,6,5,5,10.41
M388,S0398,7,2,49,1.76
M389,S0398,7,4,20,13.31
M278,S0399,8,6,7,11.78
M282,S0399,8,6,60,21.48
M132,S0400,8,0,25,7.16
M138,S0400,8,6,50,6.48
M299,S0401,5,1,47,17.77
M300,S0401,5,4,60,17.64
M398,S0402,7,4,7,21.19
M001,S0403,0,4,34,4.58
M002,S0403,0,2,46,10.42
M299,S0404,2,4,23,1.89
M300,S0404,2,2,8,17.54
M144,S0405,1,5,30,17.69
M146,S0405,1,0,14,17.29
M341,S0406,4,6,5,19.44
M070,S0407,9,0,22,4.83
M077,S0407,9,5,50,1.92
M286,S0408,9,5,28,7.53
M288,S0408,9,3,31,11.51
M159,S0409,1,6,46,22.05
M160,S0409,1,4,40,16.74
M266,S0410,1,3,34,5.83
M271,S0410,1,2,53,2.07
M044,S0411,6,1,56,10.72
M051,S0411,6,4,39,17.88
M094,S0412,1,3,31,8.79
M100,S0412,1,4,32,21.54
M299,S0413,1,3,39,14.14
M300,S0413,1,6,29,17.82
M237,S0414,1,3,25,3.72
M238,S0414,1,5,60,7.77
M154,S0415,0,1,36,5.86
M155,S0415,0,1,14,17.73
M191,S0416,0,6,51,12.86
M193,S0416,0,5,22,9.19
M259,S0417,8,2,12,21.28
M263,S0417,8,0,32,18.84
M196,S0418,9,0,22,12.81
M197,S0418,9,1,9,18.76
M303,S0419,6,0,15,5.64
M304,S0419,6,4,50,2.56
M186,S0420,10,4,50,18.62
M190,S0420,10,2,16,15.62
M215,S0421,5,1,49,16.13
M220,S0421,5,6,16,13.76
M304,S0422,7,6,37,6.7
M318,S0422,7,0,43,12.77
M087,S0423,8,4,45,18.5
M091,S0423,8,2,56,17.08
M149,S0424,3,3,19,22.92
M150,S0424,3,5,59,6.98
M209,S0425,8,4,31,12.38
M230,S0425,8,5,9,1.51
M190,S0426,2,4,21,13.95
M191,S0426,2,6,51,3.48
M310,S0427,8,6,20,13.45
M315,S0427,8,5,22,2.87
M306,S0428,10,2,13,8.51
M307,S0428,10,4,27,22.33
M173,S0429,8,3,10,21.18
M175,S0429,8,0,20,2.8
M253,S0430,7,3,22,19.77
M254,S0430,7,0,18,1.82
M119,S0431,0,1,21,13.07
M120,S0431,0,3,13,20.4
M238,S0432,3,5,53,22.31
M239,S0432,3,0,21,12.3
M363,S0433,3,4,29,17.85
M365,S0433,3,5,53,4.49
M254,S0434,1,1,58,7.78
M255,S0434,1,5,52,3.85
M202,S0435,2,2,26,10.32
M204,S0435,2,2,57,14.27
M223,S0436,4,4,41,4.22
M226,S0436,4,5,28,21.07
M181,S0437,1,0,37,11.41
M183,S0437,1,3,17,16.99
M016,S0438,3,0,29,12.51
M018,S0438,3,5,33,20.28
M007,S0439,7,0,22,12.98
M011,S0439,7,1,57,15.23
M201,S0440,7,6,33,8.99
M203,S0440,7,1,5,15.56
M332,S0441,1,1,55,16.72
M334,S0441,1,3,36,14.86
M344,S0442,0,3,11,5.93
M345,S0442,0,3,46,5.94
M370,S0443,3,3,18,14.73
M371,S0443,3,3,13,21.17
M103,S0444,4,1,36,18.17
M104,S0444,4,5,28,23.63
M301,S0445,3,0,50,23.11
M303,S0445,3,4,35,1.16
M096,S0446,6,5,27,12.55
M099,S0446,6,4,28,2.29
M117,S0447,1,5,50,2.69
M169,S0448,9,3,26,17.89
M171,S0448,9,0,43,23.27
M321,S0449,1,3,25,10.85
M322,S0449,1,0,23,2.58
M016,S0450,7,6,26,1.1
M018,S0450,7,3,58,8.59
M097,S0451,4,0,51,16.41
M101,S0451,4,0,43,14.03
M234,S0452,3,6,20,19.92
M237,S0452,3,5,29,9.69
M266,S0453,10,3,35,18.07
M271,S0453,10,2,47,12.45
M043,S0454,6,4,36,13.23
M044,S0454,6,2,25,10.74
M144,S0455,1,5,51,14.9
M146,S0455,1,3,37,14.84
M133,S0456,3,6,10,17.12
M135,S0456,3,5,38,9.15
M206,S0457,2,3,17,8.71
M208,S0457,2,0,39,5.82
M181,S0458,4,2,39,2.19
M183,S0458,4,6,55,13.12
M154,S0459,0,3,39,1.94
M155,S0459,0,3,49,15.52
M008,S0460,10,6,19,11.5
M010,S0460,10,1,5,10.73
M366,S0461,1,1,16,9.9
M367,S0461,1,3,11,1.77
M252,S0462,6,6,26,14.05
M215,S0463,10,3,57,11.79
M220,S0463,10,3,27,12.08
M322,S0464,7,1,11,13.2
M323,S0464,7,5,55,19.74
M378,S0465,5,4,26,16.55
M384,S0465,5,5,57,1.56
M373,S0466,1,4,13,2.66
M378,S0466,1,4,28,17.49
M390,S0467,5,1,41,16.75
M393,S0467,5,4,59,3.53
M399,S0468,2,2,20,11.9
M310,S0469,6,4,15,22.76
M315,S0469,6,1,33,5.46
M034,S0470,8,4,19,12.58
M035,S0470,8,5,37,19.5
M254,S0471,2,5,60,12.72
M255,S0471,2,0,32,11.12
M273,S0472,1,6,9,3.51
M282,S0472,1,4,15,23
M266,S0473,9,4,12,13.04
M271,S0473,9,2,52,21.07
M128,S0474,7,2,36,9.3
M129,S0474,7,1,36,15.68
M215,S0475,7,1,22,2.93
M220,S0475,7,5,19,4.09
M068,S0476,8,3,21,17.64
M071,S0476,8,2,9,21.87
M034,S0477,3,6,9,11.55
M035,S0477,3,6,24,18.16
M372,S0478,9,1,51,10.74
M159,S0479,5,3,26,16.25
M161,S0479,5,0,31,7.63
M267,S0480,3,4,16,12.62
M270,S0480,3,6,6,6.7
M335,S0481,6,6,52,14.19
M336,S0481,6,1,43,23.99
M347,S0482,3,3,26,20.87
M349,S0482,3,3,23,11.59
M174,S0483,4,1,52,12.8
M178,S0483,4,5,25,6.41
M116,S0484,8,0,23,19.84
M339,S0485,0,2,19,10.22
M340,S0485,0,5,6,15
M291,S0486,5,2,25,2.2
M298,S0486,5,5,29,5.87
M292,S0487,10,1,5,21.72
M294,S0487,10,0,8,11.51
M031,S0488,1,2,35,15.09
M033,S0488,1,5,16,10.55
M118,S0489,5,2,21,21.63
M119,S0489,5,1,9,20.45
M279,S0490,3,0,20,4.13
M283,S0490,3,6,32,10.78
M238,S0491,1,1,60,6.24
M239,S0491,1,2,19,12.63
M070,S0492,2,6,33,11.29
M077,S0492,2,4,55,12.76
M328,S0493,0,0,56,23.62
M330,S0493,0,1,49,17.23
M337,S0494,8,6,6,1.26
M338,S0494,8,6,33,7.72
M381,S0495,1,0,32,3.4
M385,S0495,1,5,28,8.67
M092,S0496,5,2,53,22.46
M102,S0496,5,3,42,17.37
M186,S0497,9,0,20,18.63
M189,S0497,9,0,19,4.2
M124,S0498,0,5,48,4.46
M125,S0498,0,6,20,12.21
M149,S0499,8,6,22,11.8
M150,S0499,8,1,24,5.3
M106,S0500,3,4,14,21.07
M107,S0500,3,5,6,11.72
M231,S0501,3,0,22,5.9
M232,S0501,3,2,29,1.52
M015,S0502,1,2,56,11.53
M018,S0502,1,6,46,19.55
M184,S0503,8,1,38,8.78
M185,S0503,8,1,28,8.94
M005,S0504,4,6,29,8.4
M006,S0504,4,6,36,21.69
M121,S0505,9,6,40,15.92
M122,S0505,9,0,24,4.97
M271,S0506,3,0,11,2.11
M274,S0506,3,5,41,18.1
M032,S0507,7,2,39,3.16
M353,S0508,5,0,38,7.86
M354,S0508,5,2,13,8.39
M193,S0509,8,0,53,16.68
M195,S0509,8,2,51,15.82
M352,S0510,8,4,56,4.93
M357,S0510,8,2,54,8.13
M382,S0511,7,0,27,1.48
M387,S0511,7,4,5,3.37
M072,S0512,1,3,20,23.71
M076,S0512,1,2,13,7.64
M260,S0513,7,2,45,7.94
M268,S0513,7,1,49,15.41
M200,S0514,3,2,6,3.4
M080,S0515,7,2,40,15.64
M070,S0516,9,2,39,16.19
M077,S0516,9,3,9,22.76
M087,S0517,6,2,11,3.95
M088,S0517,6,0,28,4.5
M292,S0518,10,6,40,16.85
M294,S0518,10,2,42,12.68
M123,S0519,6,5,56,21.35
M124,S0519,6,3,33,5.92
M240,S0520,9,0,6,19.11
M241,S0520,9,4,41,16.59
M195,S0521,10,0,20,17.38
M198,S0521,10,3,44,15.98
M296,S0522,2,0,29,5.73
M309,S0522,2,0,28,7.69
M231,S0523,2,2,6,12.16
M232,S0523,2,5,11,5.54
M253,S0524,4,0,36,8.09
M270,S0524,4,0,17,4.63
M085,S0525,9,6,29,15.7
M086,S0525,9,1,19,12.79
M394,S0526,2,2,24,10.86
M395,S0526,2,2,50,3.1
M014,S0527,4,3,5,16.27
M017,S0527,4,1,8,14.75
M359,S0528,3,3,17,11.24
M362,S0528,3,2,15,8.1
M041,S0529,6,3,37,17.14
M042,S0529,6,3,26,11.83
M025,S0530,8,3,10,3.24
M026,S0530,8,4,57,3.3
M256,S0531,1,1,7,8.53
M265,S0531,1,0,35,3.7
M242,S0532,8,4,37,7.79
M243,S0532,8,2,26,21.72
M108,S0533,9,0,46,9.62
M109,S0533,9,3,37,18.66
M085,S0534,9,6,11,19.46
M086,S0534,9,4,7,7.2
M127,S0535,9,1,55,8.03
M129,S0535,9,0,24,20.98
M333,S0536,7,6,40,6
M335,S0536,7,0,54,9.6
M383,S0537,0,6,11,8.42
M386,S0537,0,2,42,5.08
M090,S0538,3,2,48,4.18
M098,S0538,3,1,34,3.89
M187,S0539,2,4,20,3.04
M188,S0539,2,3,18,5.53
M352,S0540,1,3,54,18.72
M353,S0540,1,5,22,23.06
M360,S0541,8,0,53,4.08
M362,S0541,8,4,18,12.87
M164,S0542,5,4,18,20.81
M166,S0542,5,2,30,12.34
M391,S0543,6,1,52,2.74
M393,S0543,6,2,56,20.79
M041,S0544,9,2,59,6.63
M042,S0544,9,4,52,13.08
M295,S0545,10,0,12,20.97
M302,S0545,10,6,29,18.22
M211,S0546,5,1,26,8.17
M221,S0546,5,0,36,14.83
M301,S0547,8,1,14,14.72
M311,S0547,8,4,31,13.01
M174,S0548,2,5,37,13.58
M178,S0548,2,2,19,4.53
M339,S0549,10,1,14,2.64
M340,S0549,10,3,7,8.72
M111,S0550,0,4,19,2.25
M112,S0550,0,0,11,1.9
M043,S0551,5,6,22,14.48
M044,S0551,5,0,17,15.66
M332,S0552,2,4,39,20.87
M333,S0552,2,5,27,14.06
M104,S0553,4,4,10,21.36
M105,S0553,4,2,27,8.2
M110,S0554,8,5,47,11.96
M111,S0554,8,5,5,8.72
M250,S0555,3,5,57,21
M251,S0555,3,5,54,16.12
M113,S0556,4,6,27,19.19
M115,S0556,4,1,25,18.68
M246,S0557,3,2,8,11.51
M247,S0557,3,1,45,2.12
M192,S0558,0,4,30,19.73
M322,S0559,2,2,44,22.38
M323,S0559,2,6,16,6.12
M181,S0560,7,1,33,4.3
M183,S0560,7,4,50,21.03
M344,S0561,4,3,54,10.92
M345,S0561,4,1,13,12.71
M192,S0562,6,2,51,4.9
M164,S0563,0,2,30,23.69
M166,S0563,0,1,43,8.05
M193,S0564,5,0,10,9.53
M195,S0564,5,3,55,4.73
M029,S0565,10,6,58,11.27
M030,S0565,10,0,17,8.61
M041,S0566,1,3,29,5.2
M042,S0566,1,3,60,23.5
M322,S0567,2,0,42,12.52
M323,S0567,2,2,52,23.78
M260,S0568,9,3,17,8.97
M262,S0568,9,4,10,4.48
M088,S0569,9,2,40,5.07
M089,S0569,9,6,37,14.19
M205,S0570,9,3,19,6.75
M206,S0570,9,4,16,6.98
M059,S0571,3,2,50,3.99
M062,S0571,3,6,58,3.99
M113,S0572,8,2,59,16.5
M115,S0572,8,0,20,21.54
M180,S0573,7,2,20,13.31
M182,S0573,7,3,12,13.44
M246,S0574,10,3,54,20.08
M248,S0574,10,1,49,20.33
M029,S0575,10,4,35,10.58
M030,S0575,10,3,16,4.03
M008,S0576,4,2,22,9.57
M010,S0576,4,5,23,5.16
M261,S0577,10,6,43,19.55
M269,S0577,10,1,13,23.53
M244,S0578,2,0,14,8.09
M247,S0578,2,3,54,2.97
M322,S0579,8,1,38,17.31
M323,S0579,8,1,33,13.33
M038,S0580,4,1,18,19.73
M039,S0580,4,5,48,12.37
M092,S0581,1,5,23,5.43
M102,S0581,1,0,13,14.19
M310,S0582,6,3,35,5.05
M315,S0582,6,2,45,7.01
M351,S0583,8,1,26,1.26
M356,S0583,8,6,26,18.25
M159,S0584,10,0,44,10.74
M161,S0584,10,2,34,1.49
M248,S0585,8,6,17,7.33
M249,S0585,8,5,11,23.48
M240,S0586,6,0,38,11.43
M241,S0586,6,0,14,17.09
M257,S0587,4,3,21,13.86
M258,S0587,4,3,26,14.75
M093,S0588,3,6,43,13.74
M095,S0588,3,0,12,2.29
M003,S0589,6,4,28,7.37
M004,S0589,6,0,21,19.7
M375,S0590,10,4,57,8.85
M376,S0590,10,0,31,23.57
M181,S0591,0,2,30,3.71
M183,S0591,0,6,56,17.29
M180,S0592,4,5,36,1.61
M182,S0592,4,3,45,23.03
M366,S0593,3,3,27,11.19
M368,S0593,3,6,45,6.5
M306,S0594,10,1,45,5.51
M307,S0594,10,5,35,10.78
M353,S0595,4,6,32,19.29
M354,S0595,4,0,35,19.34
M187,S0596,2,1,24,3.55
M188,S0596,2,4,16,11.28
M296,S0597,7,2,53,9.04
M309,S0597,7,2,16,21.27
M001,S0598,1,6,7,1.8
M002,S0598,1,3,57,19.6
M254,S0599,0,3,41,12.74
M255,S0599,0,1,14,11
M169,S0600,4,2,5,19.72
M171,S0600,4,2,26,1.48
M083,S0601,8,0,50,22.02
M089,S0601,8,3,29,23.67
M036,S0602,0,0,34,1.63
M037,S0602,0,5,22,21.63
M399,S0603,1,3,27,21.45
M370,S0604,9,4,30,17.24
M371,S0604,9,1,35,23.69
M149,S0605,1,3,41,11.7
M150,S0605,1,6,6,2.11
M151,S0606,4,3,8,14.76
M152,S0606,4,6,55,13.46
M260,S0607,1,5,10,5.27
M268,S0607,1,6,47,3.56
M372,S0608,1,1,47,17.14
M133,S0609,10,0,14,2.89
M136,S0609,10,3,13,4.86
M195,S0610,2,6,34,7.19
M198,S0610,2,2,55,1.57
M015,S0611,8,2,48,6.97
M018,S0611,8,5,9,9.56
M012,S0612,10,0,44,6.13
M013,S0612,10,4,10,1.12
M032,S0613,6,6,11,21.82
M019,S0614,6,6,14,22.02
M020,S0614,6,0,37,4.27
M027,S0615,3,2,31,17.86
M028,S0615,3,6,14,22.46
M047,S0616,2,4,52,7.4
M051,S0616,2,5,18,13.25
M295,S0617,3,6,60,14.1
M305,S0617,3,1,8,12.46
M324,S0618,0,3,24,5.87
M325,S0618,0,2,30,17.58
M315,S0619,0,0,9,11.14
M317,S0619,0,6,9,21.94
M044,S0620,7,0,25,3.57
M051,S0620,7,6,24,6.69
M215,S0621,9,2,35,17.28
M220,S0621,9,0,17,10.6
M242,S0622,1,6,31,17.05
M243,S0622,1,1,49,15.89
M066,S0623,10,6,53,20.37
M067,S0623,10,2,59,22.07
M141,S0624,5,5,18,21.27
M145,S0624,5,5,56,17.85
M172,S0625,8,2,15,3.54
M173,S0625,8,1,11,20.24
M022,S0626,5,1,28,4.13
M244,S0627,3,0,36,1.16
M247,S0627,3,2,39,15.85
M291,S0628,0,1,49,2.62
M298,S0628,0,0,35,1.1
M043,S0629,3,3,29,10.65
M044,S0629,3,2,16,12.1
M015,S0630,3,0,18,11.9
M018,S0630,3,4,31,18.95
M197,S0631,0,3,14,1.99
M198,S0631,0,0,48,17.44
M348,S0632,8,4,42,1.62
M069,S0633,3,3,55,22.95
M075,S0633,3,0,41,18.54
M261,S0634,9,2,36,11.52
M269,S0634,9,1,42,14.79
M014,S0635,4,4,34,20.73
M017,S0635,4,1,55,7.33
M165,S0636,8,4,24,5.56
M168,S0636,8,6,51,23.39
M108,S0637,0,6,49,1.55
M109,S0637,0,3,31,20.4
M172,S0638,7,2,11,19.43
M173,S0638,7,3,30,9.53
M385,S0639,5,0,11,3.64
M387,S0639,5,6,32,15.19
M378,S0640,9,1,10,20.4
M384,S0640,9,0,10,22.3
M266,S0641,2,6,33,3.35
M271,S0641,2,1,8,4.07
M092,S0642,10,0,33,1.42
M102,S0642,10,1,59,8.2
M019,S0643,8,2,10,12.75
M020,S0643,8,6,13,10.43
M347,S0644,6,1,40,9.79
M349,S0644,6,1,57,9.67
M256,S0645,7,4,53,3.52
M265,S0645,7,1,23,7.65
M199,S0646,10,0,10,22.19
M202,S0646,10,0,14,21.55
M375,S0647,1,5,25,4.92
M376,S0647,1,1,23,9.85
M246,S0648,3,5,35,10.49
M248,S0648,3,6,38,6.58
M049,S0649,0,1,11,13.28
M057,S0649,0,1,18,13.17
M284,S0650,5,6,56,11.91
M285,S0650,5,1,7,8.48
M353,S0651,2,1,41,19.46
M354,S0651,2,6,15,8.82
M301,S0652,4,3,52,14.7
M303,S0652,4,6,44,18.45
M254,S0653,9,5,26,23.39
M255,S0653,9,3,9,23.84
M190,S0654,9,5,40,1.37
M191,S0654,9,3,19,23.65
M360,S0655,8,5,46,1.39
M362,S0655,8,4,46,16.03
M153,S0656,7,5,31,23.34
M059,S0657,7,0,23,23.21
M062,S0657,7,1,5,10.86
M324,S0658,9,1,36,23.32
M325,S0658,9,1,17,14.08
M027,S0659,10,1,11,7.83
M028,S0659,10,3,10,23.12
M375,S0660,7,6,45,7.49
M376,S0660,7,0,12,7.19
M383,S0661,0,4,12,6.09
M386,S0661,0,4,27,6.05
M041,S0662,10,6,16,5.92
M042,S0662,10,2,29,6.8
M039,S0663,7,1,7,23.15
M040,S0663,7,0,7,2.38
M041,S0664,2,1,26,7.15
M042,S0664,2,1,28,22.46
M127,S0665,7,4,8,10.6
M129,S0665,7,6,11,20.46
M234,S0666,8,4,34,22.75
M237,S0666,8,2,51,22.58
M259,S0667,8,3,9,23.18
M263,S0667,8,0,53,15.79
M347,S0668,0,5,14,23.7
M349,S0668,0,6,12,4.45
M050,S0669,6,1,43,18.71
M053,S0669,6,1,31,15.95
M314,S0670,7,1,23,4.23
M317,S0670,7,4,23,6.24
M106,S0671,2,3,16,20.45
M107,S0671,2,0,55,22.08
M353,S0672,1,3,21,11.08
M354,S0672,1,6,55,19.3
M312,S0673,9,5,8,23.64
M316,S0673,9,2,24,16.49
M322,S0674,8,0,16,20.4
M323,S0674,8,0,30,2.41
M308,S0675,5,5,54,23.56
M311,S0675,5,1,51,16
M106,S0676,5,4,59,3.84
M107,S0676,5,0,13,5.5
M332,S0677,2,0,40,10.49
M334,S0677,2,4,40,11.35
M121,S0678,0,5,13,20.29
M122,S0678,0,0,44,9.92
M015,S0679,3,4,29,8.83
M018,S0679,3,6,43,11.69
M352,S0680,3,4,55,10.47
M357,S0680,3,3,44,4.4
M141,S0681,3,0,27,8.02
M145,S0681,3,1,23,16.07
M253,S0682,5,2,17,18.13
M254,S0682,5,5,59,13.37
M343,S0683,3,1,34,2.33
M346,S0683,3,4,44,23.37
M021,S0684,0,0,34,6.43
M233,S0685,5,6,14,1.4
M234,S0685,5,5,11,20.6
M039,S0686,5,0,59,20.13
M040,S0686,5,0,6,17.87
M003,S0687,4,5,50,17.55
M004,S0687,4,2,59,16.5
M125,S0688,3,0,43,14.98
M126,S0688,3,1,12,17.65
M399,S0689,7,3,28,22.14
M400,S0689,7,6,47,11.89
M016,S0690,2,6,26,17.03
M018,S0690,2,4,37,2.28
M014,S0691,1,0,19,23.01
M016,S0691,1,0,28,23.41
M215,S0692,4,2,21,7.72
M220,S0692,4,0,35,16.51
M222,S0693,7,4,51,1.63
M228,S0693,7,5,7,3.13
M328,S0694,9,5,30,13.39
M330,S0694,9,1,51,4.69
M332,S0695,10,6,11,11.3
M333,S0695,10,2,45,2.51
M278,S0696,6,3,52,9.19
M282,S0696,6,5,23,6.04
M379,S0697,7,2,40,23.12
M384,S0697,7,5,32,5.56
M090,S0698,4,2,56,22.39
M098,S0698,4,3,23,19.56
M337,S0699,6,5,12,16.34
M338,S0699,6,6,16,10.4
M253,S0700,10,5,43,14.21
M254,S0700,10,6,42,10.74
M278,S0701,0,5,8,16.76
M282,S0701,0,0,38,14.27
M119,S0702,7,1,13,4.78
M120,S0702,7,3,29,11.96
M016,S0703,10,1,13,4.17
M018,S0703,10,0,29,22.67
M165,S0704,9,4,32,20.34
M168,S0704,9,3,45,14.72
M286,S0705,3,4,18,19.77
M288,S0705,3,1,45,2.36
M082,S0706,2,2,6,15.31
M084,S0706,2,4,37,9.22
M012,S0707,8,5,12,12.56
M013,S0707,8,0,48,21.77
M197,S0708,7,6,7,3.47
M198,S0708,7,1,8,19.8
M181,S0709,9,1,5,13.79
M183,S0709,9,0,35,17.79
M319,S0710,3,2,26,17.01
M320,S0710,3,6,5,1.45
M353,S0711,6,1,20,21.53
M354,S0711,6,1,28,22.99
M347,S0712,9,3,59,4.69
M349,S0712,9,6,32,7.34
M139,S0713,6,4,54,14.34
M140,S0713,6,4,14,7.19
M082,S0714,6,0,40,2.79
M084,S0714,6,0,16,15.81
M290,S0715,8,4,42,11.34
M291,S0715,8,6,12,14.18
M015,S0716,7,2,27,18.33
M018,S0716,7,3,17,1.78
M151,S0717,5,0,55,3.69
M152,S0717,5,3,42,21.82
M233,S0718,5,1,43,6.72
M234,S0718,5,1,36,8.78
M015,S0719,6,1,9,4.19
M018,S0719,6,1,40,9.16
M047,S0720,4,5,19,14.75
M051,S0720,4,5,43,6.64
M210,S0721,9,5,41,5.14
M211,S0721,9,2,37,5.51
M025,S0722,4,4,24,7.2
M026,S0722,4,1,41,17.75
M065,S0723,1,5,48,10.04
M070,S0723,1,4,26,13.09
M046,S0724,7,1,17,20.61
M058,S0724,7,1,40,11.28
M299,S0725,0,3,24,21.46
M300,S0725,0,2,14,15.8
M277,S0726,10,0,49,10.7
M280,S0726,10,1,60,17.29
M273,S0727,0,4,42,14.93
M282,S0727,0,6,31,13.56
M008,S0728,0,2,23,10.52
M010,S0728,0,3,10,13.13
M339,S0729,6,5,14,14.5
M340,S0729,6,0,15,9.67
M363,S0730,7,4,25,7.72
M365,S0730,7,1,52,10.28
M343,S0731,7,6,35,7.51
M346,S0731,7,3,14,20.12
M159,S0732,1,6,13,4.98
M161,S0732,1,1,21,21.06
M214,S0733,8,4,23,4.03
M216,S0733,8,4,29,18.05
M286,S0734,9,6,5,11.04
M288,S0734,9,5,60,19.47
M271,S0735,4,1,24,12.9
M274,S0735,4,0,51,22.31
M199,S0736,6,3,5,21.36
M202,S0736,6,1,56,3.77
M372,S0737,6,0,10,14.27
M153,S0738,4,2,27,13.07
M391,S0739,0,3,28,14.25
M393,S0739,0,0,19,23.85
M201,S0740,10,1,60,7.28
M203,S0740,10,0,14,6.49
M383,S0741,0,3,46,21.4
M386,S0741,0,2,38,10.04
M347,S0742,9,5,41,8.5
M350,S0742,9,4,32,13.96
M312,S0743,7,1,54,20.76
M316,S0743,7,4,19,12.16
M242,S0744,6,6,10,10.89
M243,S0744,6,1,47,10.03
M328,S0745,1,5,24,4.3
M330,S0745,1,1,34,9.33
M231,S0746,9,0,47,8.32
M232,S0746,9,6,11,15.23
M149,S0747,6,2,60,4.58
M150,S0747,6,4,6,12.83
M127,S0748,7,4,27,22.73
M129,S0748,7,4,30,22.62
M344,S0749,4,2,26,5.15
M345,S0749,4,2,25,20.02
M335,S0750,10,0,54,7.71
M336,S0750,10,5,52,21.11
M273,S0751,0,3,17,14.92
M275,S0751,0,0,16,10.54
M326,S0752,3,1,45,3.68
M327,S0752,3,5,35,4.24
M113,S0753,2,6,8,21.56
M115,S0753,2,5,38,21.15
M375,S0754,4,6,5,16.48
M376,S0754,4,0,55,9.16
M241,S0755,6,4,50,17.99
M242,S0755,6,5,10,17.28
M296,S0756,10,6,43,23.51
M309,S0756,10,5,31,8.03
M330,S0757,3,1,37,9.15
M331,S0757,3,6,10,20.4
M212,S0758,4,5,9,19.84
M218,S0758,4,0,54,11.34
M154,S0759,0,1,16,8.69
M155,S0759,0,3,33,12.27
M106,S0760,5,2,7,18.53
M107,S0760,5,2,39,3.3
M235,S0761,0,4,56,21.15
M254,S0762,0,6,18,7.83
M255,S0762,0,5,25,12.52
M352,S0763,9,0,58,12.92
M357,S0763,9,0,22,1.62
M390,S0764,3,4,11,18.24
M393,S0764,3,1,28,23.85
M372,S0765,4,0,20,3.42
M121,S0766,7,2,44,21.07
M122,S0766,7,1,18,14.06
M154,S0767,5,1,19,9.95
M155,S0767,5,3,55,1.77
M337,S0768,6,1,37,16.84
M338,S0768,6,3,32,11.43
M370,S0769,10,4,9,14.6
M371,S0769,10,3,26,13.96
M392,S0770,5,1,26,9.35
M394,S0770,5,5,60,2.53
M383,S0771,10,2,16,8.25
M386,S0771,10,2,56,9.81
M233,S0772,7,3,20,18.04
M234,S0772,7,1,44,14.94
M181,S0773,8,1,8,20.81
M183,S0773,8,4,42,6.54
M186,S0774,2,3,14,3.39
M190,S0774,2,2,33,13.96
M082,S0775,0,5,18,16.9
M084,S0775,0,6,8,11.41
M153,S0776,10,0,15,20
M348,S0777,9,1,22,7.7
M326,S0778,9,1,18,22.74
M327,S0778,9,5,40,4.24
M394,S0779,9,2,32,1.78
M395,S0779,9,3,24,3.43
M034,S0780,7,1,5,6.57
M035,S0780,7,0,20,12.11
M278,S0781,8,1,19,22.51
M282,S0781,8,5,42,4.64
M390,S0782,4,1,17,19.24
M393,S0782,4,3,50,9.09
M394,S0783,8,6,43,14.14
M395,S0783,8,0,25,12.52
M081,S0784,8,2,36,8.93
M084,S0784,8,5,29,22.59
M059,S0785,7,4,33,6.9
M062,S0785,7,2,9,19.89
M277,S0786,3,1,15,13.77
M280,S0786,3,5,52,9.91
M187,S0787,3,0,27,13.02
M188,S0787,3,2,38,23.1
M133,S0788,10,1,41,12.2
M135,S0788,10,5,29,11.24
M339,S0789,4,5,56,2.01
M340,S0789,4,2,20,15.68
M163,S0790,0,1,10,16.01
M167,S0790,0,2,15,22.9
M156,S0791,8,3,44,19.36
M157,S0791,8,4,35,8.33
M093,S0792,4,3,22,2.6
M095,S0792,4,6,36,16.11
M259,S0793,2,4,53,12.91
M263,S0793,2,4,58,5.99
M332,S0794,5,0,31,18.43
M333,S0794,5,3,46,13.98
M044,S0795,8,0,32,1.48
M051,S0795,8,4,6,9
M210,S0796,3,5,34,4.48
M213,S0796,3,4,38,5.29
M133,S0797,4,6,29,18.8
M135,S0797,4,2,43,5.92
M377,S0798,2,0,53,15.64
M207,S0799,8,1,7,14.44
M209,S0799,8,4,52,3.13
M016,S0800,8,4,12,11.04
M018,S0800,8,0,59,1.26
M007,S0801,2,5,15,10.83
M011,S0801,2,1,8,15.38
M366,S0802,1,5,8,22.71
M368,S0802,1,4,15,18.86
M092,S0803,1,2,9,6.39
M102,S0803,1,5,53,22.72
M349,S0804,2,2,33,5.74
M350,S0804,2,6,48,4.83
M301,S0805,2,6,52,2.23
M311,S0805,2,4,7,12.97
M246,S0806,9,2,40,2.07
M248,S0806,9,6,54,6.08
M061,S0807,9,5,35,18.89
M063,S0807,9,0,18,12.54
M304,S0808,0,3,5,23.91
M318,S0808,0,2,50,20.76
M159,S0809,6,1,38,19.54
M161,S0809,6,5,58,18.47
M103,S0810,6,3,6,15.77
M104,S0810,6,2,22,17.36
M379,S0811,6,2,57,8.94
M384,S0811,6,6,7,15.66
M335,S0812,8,3,24,8.98
M336,S0812,8,1,52,3.52
M043,S0813,7,5,5,7.91
M044,S0813,7,3,22,19.65
M212,S0814,1,4,39,19.15
M218,S0814,1,0,53,23.66
M049,S0815,8,5,40,13.52
M057,S0815,8,6,25,19.73
M313,S0816,8,2,7,19.91
M314,S0816,8,3,60,8.29
M348,S0817,5,2,22,4.17
M176,S0818,9,5,12,20.4
M177,S0818,9,0,50,12.82
M133,S0819,3,2,29,22
M135,S0819,3,0,16,10.83
M257,S0820,2,4,46,16.55
M258,S0820,2,6,15,17.51
M085,S0821,10,3,50,21
M086,S0821,10,4,49,17.97
M242,S0822,4,1,31,15.23
M243,S0822,4,2,30,6.8
M209,S0823,6,5,59,21.13
M230,S0823,6,3,6,5.9
M248,S0824,10,5,30,8.75
M249,S0824,10,0,28,14.84
M383,S0825,3,0,13,20.58
M386,S0825,3,3,44,20.59
M164,S0826,5,5,49,14.48
M166,S0826,5,4,38,10.32
M292,S0827,6,6,37,4.02
M294,S0827,6,6,42,11.92
M366,S0828,8,0,17,12.63
M368,S0828,8,6,17,1.34
M069,S0829,9,6,14,8
M075,S0829,9,5,47,23.26
M326,S0830,10,3,7,20.86
M327,S0830,10,5,55,19.53
M328,S0831,9,2,6,8.72
M329,S0831,9,3,37,17.86
M012,S0832,2,3,34,18.41
M013,S0832,2,2,40,20.51
M024,S0833,8,0,39,20.24
M206,S0834,0,4,52,23.25
M208,S0834,0,4,49,20.66
M052,S0835,0,5,60,19.65
M060,S0835,0,0,31,7.33
M319,S0836,4,5,29,22.14
M320,S0836,4,5,25,2.59
M093,S0837,9,0,5,14.73
M095,S0837,9,5,41,1.86
M378,S0838,1,3,59,18.33
M384,S0838,1,1,37,13.61
M082,S0839,3,4,60,22.84
M085,S0839,3,1,46,12.8
M376,S0840,6,2,10,15.86
M380,S0840,6,5,45,8.6
M299,S0841,9,6,21,16.61
M300,S0841,9,1,16,19.2
M052,S0842,3,3,18,8.03
M060,S0842,3,0,7,23.36
M082,S0843,6,6,52,7.06
M084,S0843,6,0,52,16.7
M261,S0844,0,5,32,4.24
M269,S0844,0,0,58,6.94
M163,S0845,9,0,6,11.56
M167,S0845,9,6,20,9.07
M275,S0846,8,4,7,23.96
M277,S0846,8,0,6,11.31
M171,S0847,9,4,34,8.73
M176,S0847,9,6,18,6.7
M019,S0848,10,3,52,22.74
M020,S0848,10,6,24,18.17
M172,S0849,4,0,44,20.85
M173,S0849,4,4,10,14.46
M192,S0850,5,1,45,18.24
M174,S0851,6,6,45,3.73
M178,S0851,6,4,7,12.23
M125,S0852,6,5,17,3.48
M126,S0852,6,5,32,5.03
M186,S0853,0,3,21,14.92
M189,S0853,0,0,36,5.64
M021,S0854,5,1,35,2.64
M091,S0855,9,5,41,20.15
M094,S0855,9,4,24,11.46
M186,S0856,8,6,17,2.25
M189,S0856,8,1,10,16.03
M019,S0857,7,0,57,11.63
M020,S0857,7,4,40,15.88
M091,S0858,4,0,22,19.78
M094,S0858,4,1,26,16.4
M237,S0859,3,0,17,15.46
M238,S0859,3,2,59,18.46
M086,S0860,3,4,42,14.72
M093,S0860,3,3,13,15.05
M324,S0861,3,1,41,22.76
M325,S0861,3,3,24,18.37
M363,S0862,1,5,43,16.84
M365,S0862,1,5,40,15.09
M092,S0863,7,3,59,18.18
M102,S0863,7,6,13,22.74
M382,S0864,3,1,53,7.39
M387,S0864,3,6,16,6.66
M038,S0865,3,4,24,23.91
M039,S0865,3,5,55,22.26
M286,S0866,3,1,31,10.35
M288,S0866,3,5,8,15.75
M086,S0867,8,5,12,5.15
M093,S0867,8,6,59,11.15
M079,S0868,4,3,10,23.29
M184,S0869,3,5,20,6.3
M185,S0869,3,6,48,15.9
M014,S0870,6,1,30,15.64
M017,S0870,6,3,28,7.19
M368,S0871,3,5,44,7.14
M369,S0871,3,6,24,14.99
M153,S0872,1,5,60,6.69
M197,S0873,0,2,9,3.85
M198,S0873,0,0,39,4.45
M143,S0874,4,5,35,3.35
M144,S0874,4,5,45,22.37
M206,S0875,5,6,12,5.32
M208,S0875,5,2,9,9.6
M181,S0876,0,4,60,5.2
M183,S0876,0,3,6,16.99
M003,S0877,4,4,13,18.52
M004,S0877,4,4,35,21.87
M045,S0878,1,6,55,14.6
M055,S0878,1,0,44,7.97
M031,S0879,1,0,11,6.93
M033,S0879,1,5,9,6.07
M045,S0880,5,3,52,11.2
M055,S0880,5,5,39,13.03
M108,S0881,3,0,58,11.44
M109,S0881,3,0,21,4.65
M024,S0882,4,4,55,14.45
M376,S0883,0,5,26,15.3
M380,S0883,0,1,40,18.99
M286,S0884,5,6,25,21.63
M288,S0884,5,0,56,20.11
M067,S0885,6,1,52,16.15
M068,S0885,6,2,16,12.3
M322,S0886,9,6,48,12.51
M323,S0886,9,5,6,18.66
M254,S0887,9,4,27,22.47
M255,S0887,9,2,52,22.7
M128,S0888,2,6,31,13.43
M129,S0888,2,5,42,5.15
M001,S0889,8,2,46,12.57
M002,S0889,8,6,48,21.46
M081,S0890,5,0,15,5.95
M084,S0890,5,2,42,10.23
M045,S0891,1,2,15,17.34
M055,S0891,1,3,9,14.92
M262,S0892,4,2,15,3.61
M267,S0892,4,0,35,10.83
M358,S0893,0,6,11,23.24
M360,S0893,0,5,39,16.42
M039,S0894,0,6,41,16.55
M040,S0894,0,6,14,17.43
M029,S0895,9,4,27,2.31
M030,S0895,9,3,55,16.61
M261,S0896,9,3,24,23.61
M269,S0896,9,5,10,11.5
M011,S0897,3,6,40,22.6
M013,S0897,3,0,52,17.28
M048,S0898,9,3,12,17.84
M054,S0898,9,1,39,2.85
M273,S0899,0,1,48,12.18
M275,S0899,0,6,10,17.47
M119,S0900,0,1,58,16.29
M120,S0900,0,6,52,21.84
M169,S0901,6,6,27,13.87
M171,S0901,6,2,57,13.98
M162,S0902,3,5,27,22.56
M163,S0902,3,2,24,3.23
M394,S0903,0,4,29,9.05
M395,S0903,0,6,27,12.97
M139,S0904,8,6,50,22.34
M140,S0904,8,4,50,16.78
M330,S0905,1,1,24,6.26
M331,S0905,1,0,33,18.68
M164,S0906,2,6,41,15.65
M166,S0906,2,4,20,8.42
M343,S0907,5,6,56,3.24
M346,S0907,5,5,26,7.48
M149,S0908,6,4,12,23.58
M150,S0908,6,2,25,16.46
M052,S0909,2,2,11,13.09
M060,S0909,2,0,14,2.02
M279,S0910,0,3,31,11.13
M283,S0910,0,5,24,7.62
M332,S0911,9,2,57,20.02
M333,S0911,9,2,20,23.36
M361,S0912,2,1,14,14.51
M364,S0912,2,3,57,11.25
M295,S0913,10,2,55,15.36
M305,S0913,10,6,58,9.28
M008,S0914,0,6,40,17.83
M010,S0914,0,1,24,22.49
M041,S0915,9,4,49,6.05
M042,S0915,9,5,37,7.41
M082,S0916,6,1,47,22.2
M084,S0916,6,2,46,5.6
M161,S0917,8,5,21,5.96
M162,S0917,8,6,58,7.61
M039,S0918,5,2,19,4.4
M040,S0918,5,6,59,18.4
M180,S0919,4,6,15,19.42
M182,S0919,4,6,39,11.86
M257,S0920,5,3,26,18.56
M258,S0920,5,6,53,5.26
M176,S0921,2,5,47,16.19
M177,S0921,2,2,41,18.4
M137,S0922,7,5,49,1.39
M140,S0922,7,6,13,20.25
M025,S0923,1,5,54,14.3
M026,S0923,1,2,8,9.82
M132,S0924,6,6,33,10.93
M138,S0924,6,3,11,5.74
M378,S0925,4,5,5,6.2
M384,S0925,4,6,56,9.04
M137,S0926,1,5,60,20.19
M140,S0926,1,0,25,18.16
M383,S0927,10,5,18,16.38
M386,S0927,10,3,47,5.49
M205,S0928,5,3,51,10.38
M206,S0928,5,5,60,17.62
M369,S0929,4,1,23,22.54
M370,S0929,4,0,56,9.85
M039,S0930,9,4,48,17.01
M040,S0930,9,4,30,14.71
M023,S0931,2,6,30,7.08
M212,S0932,1,1,56,7.8
M218,S0932,1,2,13,2.21
M201,S0933,10,6,36,15.9
M203,S0933,10,1,19,20.28
M287,S0934,3,1,34,10.77
M289,S0934,3,3,14,6.42
M067,S0935,4,2,19,20.21
M068,S0935,4,3,24,23.61
M284,S0936,0,5,53,3.98
M285,S0936,0,5,37,22.03
M372,S0937,10,3,56,6.87
M036,S0938,8,1,22,9.25
M037,S0938,8,0,56,18.47
M067,S0939,5,0,46,5.84
M068,S0939,5,2,49,3.47
M023,S0940,9,2,19,10.23
M233,S0941,2,2,40,9.33
M234,S0941,2,4,23,14.7
M151,S0942,0,6,51,8.18
M152,S0942,0,1,38,11.58
M215,S0943,5,3,43,12.67
M220,S0943,5,3,32,13.12
M278,S0944,4,3,39,3.85
M282,S0944,4,3,35,18.09
M254,S0945,7,6,55,10.38
M255,S0945,7,4,26,18.67
M133,S0946,5,3,54,17.5
M135,S0946,5,1,31,12.71
M343,S0947,1,2,49,15.89
M346,S0947,1,3,47,13.8
M126,S0948,10,4,54,10.24
M127,S0948,10,6,46,20.09
M157,S0949,6,4,40,14.83
M158,S0949,6,2,55,16.69
M244,S0950,8,3,36,9.66
M245,S0950,8,4,53,12.76
M222,S0951,1,2,49,18.27
M228,S0951,1,3,45,1.48
M061,S0952,5,0,49,22.63
M063,S0952,5,2,30,7.42
M047,S0953,10,4,52,3.37
M051,S0953,10,4,12,7.62
M043,S0954,6,6,5,22.55
M044,S0954,6,4,14,11.9
M186,S0955,9,1,44,8.82
M189,S0955,9,1,25,21.31
M042,S0956,0,2,49,17.03
M057,S0956,0,3,58,17.78
M341,S0957,7,0,14,11.07
M374,S0958,7,3,45,9.6
M381,S0958,7,2,14,10.15
M304,S0959,8,6,20,3.53
M318,S0959,8,6,12,3.33
M112,S0960,5,6,53,8.82
M114,S0960,5,5,14,20.4
M157,S0961,2,4,19,21.73
M158,S0961,2,4,49,8.37
M153,S0962,4,5,47,5.94
M276,S0963,9,4,51,5.03
M281,S0963,9,6,30,17.15
M005,S0964,5,3,60,16.38
M006,S0964,5,3,28,12.91
M212,S0965,7,5,15,14.73
M218,S0965,7,3,55,5.66
M209,S0966,4,0,26,13.53
M230,S0966,4,5,20,1.5
M187,S0967,4,6,50,23.02
M188,S0967,4,4,16,15.45
M139,S0968,9,3,50,19.67
M140,S0968,9,6,31,5.03
M121,S0969,10,5,30,10.33
M123,S0969,10,6,23,11.83
M048,S0970,6,0,7,15.42
M054,S0970,6,5,10,20.01
M119,S0971,3,6,59,1.02
M120,S0971,3,1,42,15.6
M335,S0972,7,3,35,9.96
M336,S0972,7,2,47,23.78
M351,S0973,10,5,49,4.07
M355,S0973,10,0,50,3.91
M079,S0974,9,1,56,13.58
M039,S0975,2,0,21,21.91
M040,S0975,2,1,13,24
M303,S0976,5,5,50,22.49
M304,S0976,5,4,35,15.3
M241,S0977,3,0,18,3.61
M242,S0977,3,5,27,6.51
M337,S0978,3,0,25,20.86
M338,S0978,3,6,22,11.89
M246,S0979,2,5,49,21.45
M248,S0979,2,6,37,17.4
M156,S0980,7,5,8,13.02
M157,S0980,7,5,21,11.67
M333,S0981,5,5,7,15.04
M335,S0981,5,4,43,18.94
M200,S0982,9,5,16,5.24
M195,S0983,6,5,42,14.69
M198,S0983,6,6,58,18.99
M157,S0984,4,5,9,13.77
M158,S0984,4,2,11,5.42
M248,S0985,6,4,53,14.66
M249,S0985,6,0,8,17.1
M200,S0986,2,3,44,9.99
M351,S0987,5,6,9,18.5
M355,S0987,5,1,44,21.1
M001,S0988,5,0,54,13.9
M002,S0988,5,4,9,17.62
M278,S0989,6,1,27,7.5
M282,S0989,6,1,43,17.12
M351,S0990,4,3,47,10.2
M355,S0990,4,5,13,13.92
M376,S0991,7,3,60,1.37
M380,S0991,7,4,55,7.98
M077,S0992,4,3,21,1.76
M078,S0992,4,5,14,15.6
M277,S0993,10,0,13,6.52
M280,S0993,10,1,7,23.11
M361,S0994,7,4,57,23.53
M364,S0994,7,0,32,18.41
M025,S0995,9,1,38,15.57
M026,S0995,9,6,30,7.92
M039,S0996,0,1,47,20.55
M040,S0996,0,1,14,9.35
M200,S0997,5,5,22,18.31
M066,S0998,7,1,24,4.77
M067,S0998,7,6,14,18.96
M154,S0999,4,5,43,19.76
M155,S0999,4,4,10,13.39
M008,S1000,5,0,45,16.05
M010,S1000,5,6,27,2.77
